DRILLHOLE_NUMBER,nvcl_id,mineral_count,borehole_name,longitude,latitude,length_m
10112,10112,84,BIRRIBIANA 1,135.3462827,-28.2468726,1427.07
10133,10133,3335,OODNADATTA 1,135.3493952,-27.4394723,405.99
1037,1037,53,OBD 11,132.0798383,-29.5888991,232.7
103960,103960,102,ANDDH 1,140.2119956,-32.7157825,142.98
103961,103961,8,ANDDH 2,140.2088776,-32.7183775,181.0
103962,103962,8,ANDDH 3,140.2046916,-32.7211465,163.68
104020,104020,180,AH DDH 4,140.1939296,-32.7170745,232.1
104021,104021,242,AH DDH 5,140.2004596,-32.7098795,210.75
104022,104022,143,AH DDH 6,140.2103096,-32.7168635,200.74
104355,104355,20,BD 001,140.4182568,-31.4408005,542.7
104356,104356,30,BD 002,140.4513148,-31.4507975,302.5
104357,104357,15,BE-BH 2,140.4540228,-31.4465225,186.0
104358,104358,15,BE-BH 3,140.4687568,-31.4465855,167.0
104361,104361,340,BWM1A-1,140.1268498,-31.2607115,600.0
104365,104365,308,MUDGUARD 1,140.4711448,-30.7651715,205.3
104366,104366,1388,CU1,140.4187876,-30.7159231,507.8
104376,104376,481,BUMBARLOW 1,140.086515,-30.4955175,720.33
104382,104382,3913,SKELETON 2,140.014384,-29.9072825,591.75
104446,104446,37,JENA 6,140.3085817,-28.5054327,1590.14
104467,104467,39,GIDGEALPA 7,140.005107,-28.0386796,3227.22
104481,104481,29,MURTEREE 1A,140.3267039,-28.4942166,1574.29
104622,104622,918,ALKOOMI 1,140.4437236,-28.4976104,1612.39
104756,104756,64,GIDGEALPA 4,140.0096231,-27.9753518,2372.26
104757,104757,61,GIDGEALPA 1,140.0826245,-27.9446566,3997.45
104759,104759,32,GIDGEALPA 2,140.0506806,-27.9442402,2749.3
1051,1051,159,OBD 03,132.3029463,-29.4673271,218.0
1072,1072,1013,MERAMANGYE 1,132.2757823,-28.367988,690.59
109028,109028,264,KALANGADOO 1,140.6889299,-37.5734852,2757.83
12112,12112,213,BD 1,135.8747229,-34.3914732,167.34
12112,18189,213,BD 1,135.8747229,-34.3914732,167.34
12112,77469,213,BD 1,135.8747229,-34.3914732,167.34
12115,12115,618,KD 3,135.8576059,-34.3971512,111.94
12116,12116,738,KD 4,135.8414849,-34.4048572,119.48
129506,129506,15,BD 003,140.5953517,-31.2252615,277.5
129507,129507,9,BE 165C,140.7873157,-31.2022095,92.73
129508,129508,9,BE 166C,140.7838387,-31.1993265,91.0
129509,129509,9,BE 167C,140.7812797,-31.2024705,89.1
131273,131273,27,INL 2,132.899626,-31.5982941,17.5
131276,131276,27,INL 5,132.906759,-31.6092331,7.7
131278,131278,27,INL 7,132.913873,-31.6210741,52.5
131279,131279,27,INL 8,132.912859,-31.6192551,52.5
131280,131280,53,INL 9,132.911826,-31.6183361,57.0
131281,131281,27,INL 10,132.920987,-31.6329161,73.7
131282,131282,53,INL 11,132.929159,-31.6447741,48.0
131283,131283,27,INL 12,132.9301729,-31.6465971,71.0
131284,131284,27,INL 13,132.932201,-31.6502361,81.5
131285,131285,27,INL 14,132.936276,-31.6566161,84.5
131286,131286,27,INL 15,132.93729,-31.6584361,71.2
131287,131287,27,INL 16,132.938304,-31.6602581,40.0
131288,131288,27,INL 17,132.952174,-31.7010691,67.5
131289,131289,27,INL 18,132.9542439,-31.7029051,58.5
131290,131290,27,INL 19,132.964455,-31.7184021,77.5
131291,131291,26,INL 20,132.9654689,-31.7202221,83.5
131292,131292,26,INL 21,132.9675189,-31.7229611,86.5
131293,131293,26,INL 22,132.9797659,-31.7420971,72.0
131294,131294,52,INL 23,132.933215,-31.6520581,59.5
131994,131994,269,NNL IL1 DDH 2,133.0675831,-29.6361121,211.4
131995,131995,192,NNL IL2 DDH 1,133.0799551,-29.6371921,191.79
132113,132113,28,CHL 12,134.6277035,-31.0547151,26.0
132114,132114,28,CHL 13,134.6235645,-31.0411671,79.0
132115,132115,29,CHL 14,134.6236425,-31.0213171,68.0
132116,132116,46,CHL 15,134.6237065,-31.0050761,66.0
132117,132117,28,CHL 16,134.4522275,-31.0414551,39.0
132118,132118,46,CHL 17,134.4521745,-31.0504801,40.5
132119,132119,27,CHL 18,134.4514805,-31.0802531,58.0
132120,132120,46,CHL 19,134.4518785,-31.1019081,49.5
132121,132121,27,CHL 20,134.4522645,-31.1262721,43.0
132122,132122,27,CHL 21,134.4490845,-31.1321221,45.0
132123,132123,45,CHL 22,134.4516955,-31.1339391,31.5
132124,132124,27,CHL 23,134.4516345,-31.1443141,57.0
132125,132125,27,CHL 24,134.4510845,-31.1488251,64.0
132805,132805,2089,INVESTIGATOR 1,137.5594422,-35.5782503,368.5
132806,132806,4939,INVESTIGATOR 2,137.2580573,-35.6035323,979.0
133941,133941,17,DME IR 2,135.0009463,-32.9363051,76.5
134047,134047,56,CTN 9,138.9040392,-32.0673564,30.0
134048,134048,42,CTN 10,138.9053062,-32.0583124,16.0
134049,134049,42,CTN 11,138.8042912,-32.1155304,22.0
134050,134050,55,CTN 12,138.8118722,-32.1087364,30.0
134130,134130,23,COM 1,134.3405347,-29.8949251,46.5
134131,134131,22,COM 2,134.4789927,-29.7583711,54.5
134132,134132,43,COM 3,134.4059207,-29.6966941,41.5
134133,134133,41,COM 4,134.4143627,-29.6669481,25.0
134135,134135,24,COM 6,134.2803177,-29.7709751,38.0
134136,134136,22,COM 7,134.3455727,-29.7577771,35.0
134137,134137,24,COM 8,134.3474587,-29.7857641,35.0
134138,134138,23,COM 9,134.3298007,-29.7965061,38.5
134139,134139,23,COM 10,134.2996437,-29.8180061,25.5
134140,134140,23,COM 11,134.2808987,-29.8341501,39.5
134141,134141,22,COM 12,134.2631997,-29.8484931,50.0
134142,134142,20,COM 13,134.2673717,-29.8440041,37.0
134143,134143,17,COM 14,134.2494717,-29.8845131,16.6
134144,134144,22,COM 15,134.2732637,-29.8882571,43.5
134145,134145,22,COM 16,134.2949967,-29.8901791,34.9
134146,134146,42,COM 17,134.2846467,-29.8892211,24.0
134147,134147,41,COM 18,134.3136197,-29.8929841,37.4
134148,134148,43,COM 19,134.3322557,-29.8939811,43.8
134149,134149,40,COM 20,134.4430187,-29.9044221,37.0
134150,134150,23,COM 21,134.4554476,-29.9044741,35.5
134151,134151,24,COM 22,134.4689226,-29.9027241,51.5
134152,134152,22,COM 23,134.4701057,-29.8747551,61.0
134153,134153,40,COM 24,134.4789706,-29.7628821,66.0
134154,134154,23,COM 25,134.3836717,-29.9537951,43.5
134159,134159,6746,DD87LR 1,135.0394575,-29.3907582,242.78
134161,134161,671,DD87LR 3,134.6191156,-29.2146281,243.68
134163,134163,35,DD88LR 19,135.0445105,-29.1623632,240.45
134164,134164,28,DD88LR 20,135.0445105,-29.1637152,292.0
134167,134167,24,DD89LR 21,135.0547965,-29.1670962,275.5
134168,134168,545,DD89LR 22,135.0547995,-29.1729632,161.5
134169,134169,18,DD89LR 24,134.8984655,-29.1885052,247.0
13427,13427,158,MINES DEPT WD 3,135.6688551,-33.2413382,182.88
134284,134284,24,LEV 4,135.1872193,-31.7660991,99.1
134287,134287,24,LEV 7,135.1700593,-31.6217671,111.0
134288,134288,24,LEV 8,135.3802583,-31.7142441,48.5
134356,134356,20,DGG 3,135.1019774,-31.0660371,75.0
134357,134357,25,DGG 4,135.1145824,-31.0903901,101.4
134358,134358,15,DGG 5,135.1166853,-31.0939981,75.0
13459,13459,43,MINES DEPT WD 2,135.6501831,-33.2462912,282.85
134901,134901,1854,PE 1,135.6712321,-32.6814792,340.3
134902,134902,2183,PP 1,135.6572571,-32.6666682,309.4
13493,13493,16,MINES DEPT WR 1,135.6802241,-33.2388322,45.41
135473,135473,49,SAMEDAN SOC 7,137.3793306,-32.7474673,184.5
135623,135623,357,CD 1,129.3515161,-31.199074,361.5
135623,141501,357,CD 1,129.3515161,-31.199074,361.5
135972,135972,27,AFM MUL 2,133.9942547,-30.0849501,19.5
135973,135973,45,AFM MUL 3,133.9238637,-30.1173281,9.9
135974,135974,27,AFM MUL 4,133.9923227,-30.1219331,73.0
135975,135975,42,AFM MUL 5,133.9925117,-30.1544191,56.8
135976,135976,27,AFM MUL 6,133.9935567,-30.2049611,63.8
135977,135977,27,AFM MUL 7,133.9632497,-30.2714981,25.4
135978,135978,45,AFM MUL 8,133.8626897,-30.2472021,44.6
135979,135979,27,AFM MUL 9,133.8410898,-30.2280661,15.0
135980,135980,27,AFM MUL 10,133.8150278,-30.1917381,26.4
135981,135981,27,AFM MUL 11,133.7348869,-30.2040721,26.7
135982,135982,27,AFM MUL 12,133.6374539,-30.1128641,136.9
135983,135983,45,AFM MUL 13,133.6642919,-30.1623171,76.9
135984,135984,135,AFM MUL 14,133.7249369,-30.1701381,119.5
135986,135986,44,AFM MUL 16,133.7959438,-30.1807351,19.9
135987,135987,21,AFM MUL 17,133.7351259,-30.1855781,20.6
136223,136223,1,EDD 1,134.9976004,-30.8654541,47.6
136224,136224,1,EDD 2,134.9981754,-30.8652651,77.8
136225,136225,1,EDD 3,134.9944304,-30.8679461,13.5
136226,136226,1,EDD 4,134.9941774,-30.8683231,19.5
136296,136296,1,LEVEL 2 2,134.5341605,-30.7087661,36.0
136299,136299,1,LEVEL 2 4,134.5341935,-30.7087831,50.0
136302,136302,1,LEVEL 2 7,134.5353855,-30.7081911,25.6
136303,136303,1,LEVEL 2 8,134.5355105,-30.7083271,22.6
136307,136307,1,LEVEL 2 12,134.5352385,-30.7083521,31.4
136309,136309,1,LEVEL 2 14,134.5355935,-30.7086891,18.1
136310,136310,1,LEVEL 2 15,134.5356655,-30.7087891,20.6
136311,136311,1,LEVEL 2 16,134.5358935,-30.7089411,41.1
136316,136316,1,LEVEL 2 22,134.5356855,-30.7088051,14.7
136330,136330,87,LEVEL 3 1,134.5356855,-30.7087001,65.0
136331,136331,1,LEVEL 3 2,134.5358025,-30.7088161,33.0
136334,136334,1,LEVEL 3 3,134.5358105,-30.7088331,35.3
136336,136336,1,LEVEL 3 4,134.5357305,-30.7086801,44.5
136340,136340,1,LEVEL 3 5,134.5359355,-30.7088161,33.5
136341,136341,1,LEVEL 3 6,134.5357305,-30.7086801,42.0
136342,136342,1,LEVEL 3 7,134.5360825,-30.7087801,44.1
136343,136343,11,LEVEL 3 8,134.5357275,-30.7086891,40.5
136348,136348,1,LEVEL 3 9,134.5355825,-30.7088611,51.1
136349,136349,11,LEVEL 3 10,134.5356855,-30.7087081,35.0
136350,136350,1,LEVEL 3 11,134.5354355,-30.7088861,35.2
136351,136351,11,LEVEL 3 12,134.5361775,-30.7087641,77.0
136352,136352,11,LEVEL 3 14,134.5361545,-30.7087721,75.0
136943,136943,809,PSH 1 / SAS 1,137.4963326,-32.4253363,471.35
136944,136944,628,TR 4,137.4800766,-32.2894893,401.25
137872,137872,325,SR16,135.9313132,-29.7251842,241.0
138089,138089,38,SR2,135.6109464,-29.1361572,130.0
138126,138126,1065,DD86EN 29,135.2745724,-29.4430532,174.7
138127,138127,1053,DD86EN 30,135.2489374,-29.5010452,154.6
138128,138128,973,DD86EN 31,135.1358485,-29.4136632,179.8
138130,138130,777,DD86EN 33,135.1454225,-29.2963202,118.1
138322,138322,12,PPR 5 SAP 1,136.676245,-30.5824533,1369.3
139047,139047,427,A405/1,136.4939487,-33.5740223,38.1
139048,139048,2074,A405/2,136.4950317,-33.5744593,58.83
139049,139049,305,A405/3,136.4974507,-33.5742033,25.3
139050,139050,427,A405/3A,136.4968807,-33.5724093,41.76
139051,139051,305,A405/3B,136.4947087,-33.5713063,51.21
139054,139054,671,L505 1,136.7873457,-33.5888893,47.85
13909,13909,15,LY-1,135.8898682,-30.8704282,675.0
139201,139201,882,CBH 2,139.5012782,-29.5790415,750.0
139202,139202,882,WK 1,140.304304,-30.1242715,566.0
139458,139458,100,PB 8,137.8469153,-33.7864843,246.4
139459,139459,69,PB 9,137.8577983,-33.7891623,121.8
139460,139460,39,PB 10,137.8609763,-33.7953543,228.7
139475,139475,120,PB 25,137.9300993,-33.7166973,433.6
139476,139476,2330,PB 26,137.8482713,-33.7866763,393.3
139489,139489,2501,DD85WE 1,137.5458214,-34.2137343,154.6
139509,139509,4,PUB 38 / SAU 18,137.5094865,-32.7044593,91.0
139511,139511,4,PUB 42 / SAU 28,137.5180395,-32.6728983,194.1
139526,139526,12,PUB 29 / SAU 17,137.5308155,-32.7447603,179.0
139528,139528,5,PUB 51A / SAU 29,137.5059436,-32.1893773,195.95
139529,139529,3,PUB 49 / SAU 30,137.5632666,-32.2624433,176.08
139533,139533,10,LY 4B,137.1557848,-31.4476463,150.0
139534,139534,5,LY 5,137.1570898,-31.4495163,150.0
139547,139547,6,BK 8,137.3383926,-31.9882783,226.1
139594,139594,396,PSC 4 SASC 2,137.4135806,-31.1733733,549.55
139595,139595,266,PSC 7 SASC 3,137.4479347,-31.0816313,696.4
139609,139609,120,YADLAMALKA 2,137.8012705,-31.9347143,221.3
139627,139627,10,CU 1,137.6089015,-32.8062763,305.2
139633,139633,10,CU 6,137.6498624,-32.8553683,400.4
139634,139634,8,CU 7,137.6321044,-32.8689063,292.5
139745,139745,18,MG 503,137.1547098,-31.4346933,36.0
139748,139748,18,MG 506,137.1551618,-31.4337463,42.5
139753,139753,18,MG 511,137.1504178,-31.4337463,36.4
139875,139875,62,LY 7,137.1506228,-31.4404273,33.4
139962,139962,159,TR 6,137.4948846,-32.3456473,237.12
140289,140289,7,ESSO ROD 1,137.3582446,-32.7402003,42.3
140290,140290,29,ESSO ROD 2,137.3583946,-32.7401973,144.2
140292,140292,23,ESSO ROD 4,137.3659556,-32.6931753,344.0
140293,140293,17,ESSO ROD 5,137.3791616,-32.7126203,187.6
140474,140474,169,SAMEDAN SOC 1,137.3835506,-32.7384333,133.0
140478,140478,12,SAMEDAN SOC 5,137.3683386,-32.7523113,93.3
140481,140481,27,SAMEDAN SOC 9,137.3787116,-32.7474453,204.5
140482,140482,18,SAMEDAN SOC 10,137.3787726,-32.7469723,244.6
14057,14057,2553,DP-1,135.8426179,-30.0137054,616.6
140938,140938,6,WW 1,132.7674623,-26.776635,175.9
140940,140940,197,WW 3,132.7551542,-26.778741,227.4
141107,141107,373,DDH 229,137.6162444,-34.0395663,98.7
141108,141108,226,DDH 230,137.6165284,-34.0400113,60.9
141109,141109,204,DDH 231,137.6168504,-34.0399133,55.1
141110,141110,239,DDH 232,137.6170693,-34.0400003,48.9
141111,141111,587,DDH 233,137.6154864,-34.0395363,170.0
141112,141112,490,DDH 234,137.6159724,-34.0395253,151.0
141113,141113,193,DDH 235,137.6158534,-34.0402333,50.6
141114,141114,415,DDH 236,137.6155034,-34.0400773,97.14
141116,141116,261,DDH 238,137.6158474,-34.0397083,124.9
141117,141117,316,DDH 239,137.6155054,-34.0398163,130.0
141118,141118,303,DDH 240,137.6150694,-34.0400863,110.0
141119,141119,174,DDH 241,137.6150894,-34.0403663,74.9
141121,141121,245,DDH 243,137.6162504,-34.0397723,102.52
141122,141122,162,DDH 244,137.6168424,-34.0400133,60.0
141123,141123,250,DDH 245,137.6168364,-34.0397503,91.92
141124,141124,187,DDH 246,137.6171113,-34.0399523,59.68
141125,141125,203,DDH 247,137.6176053,-34.0398523,46.14
141126,141126,134,DDH 248,137.6179803,-34.0396633,60.0
141127,141127,310,DDH 249,137.6137223,-34.0558023,107.0
141128,141128,288,DDH 250,137.6141003,-34.0557943,62.5
141129,141129,283,DDH 251,137.6135113,-34.0559863,75.0
141130,141130,261,DDH 252,137.6139553,-34.0559863,60.0
14114,14114,298,SR1,135.9052622,-29.7517872,171.0
14123,14123,455,WARRINER CREEK 1,135.7663183,-29.4585152,464.3
141498,141498,16,CD 2,140.2454326,-32.5460845,118.7
141498,183619,16,CD 2,140.2454326,-32.5460845,118.7
141499,141499,16,CD 3,140.2462076,-32.5551095,151.8
141499,183620,16,CD 3,140.2462076,-32.5551095,151.8
141500,141500,17,CD 4,140.2391326,-32.5478515,301.6
141501,135623,18,CD 1,140.2510947,-32.4154975,179.5
141501,141501,18,CD 1,140.2510947,-32.4154975,179.5
141523,141523,45,DD91PD1,140.0030469,-31.3499795,409.0
141747,141747,1020,DD86EN 24,135.3940214,-29.6676592,226.1
141760,141760,444,DD86EN 34,135.3920464,-29.6914892,203.3
141761,141761,42,DD86EN 35,135.3940274,-29.6692842,621.9
141762,141762,42,DD86EN 36,135.3958964,-29.6717142,350.6
141763,141763,1666,DD86EN 37,135.3920324,-29.6878812,372.4
141764,141764,1670,DD86EN 38,135.4310794,-29.6336082,306.37
141766,141766,29,RD/DD85EN 17,135.4389714,-29.6670662,286.0
141767,141767,29,RD/DD85EN 18,135.4400104,-29.6684162,295.0
141768,141768,682,RD/DD85EN 19,135.3833814,-29.5869162,100.3
141770,141770,715,RD/DD85EN 21,135.3818264,-29.5851132,139.06
141773,141773,1948,DD86EN 25,135.3935184,-29.6710892,367.5
141775,141775,890,DD86EN 27,135.4038394,-29.5385722,197.5
141776,141776,1468,DD87EN 40,135.3774384,-29.6546202,314.47
141778,141778,2680,DD88EN 43,135.3919664,-29.6709142,594.7
141780,141780,1421,DD88EN 44,135.4001804,-29.6571812,307.0
141782,141782,54,DD89EN 46,135.0835885,-29.1650512,234.8
141784,141784,1860,DD89EN 60,135.3919634,-29.6699202,344.8
141785,141785,2717,DD89EN 61,135.3878304,-29.6699342,480.0
141786,141786,804,DD92EN 64,135.5233813,-29.7038972,188.0
141789,141789,32,RD/DD85EN 15,135.4339024,-29.6657272,300.0
14232,14232,21,BBD 1,135.9076154,-28.1966032,317.5
143970,143970,383,CUR D 2,137.7026722,-34.6273043,103.95
144189,144189,3,80KTD 2,139.532377,-32.0237395,66.6
144191,144191,4,80KTD 4,139.528806,-32.0250425,45.6
144314,144314,4,DD MM 3,140.9373755,-32.2497936,420.32
144355,144355,12,DDH AN 7,140.2073466,-32.7226525,796.0
144369,144369,76,DR 4,140.4608627,-31.9030715,272.6
145202,145202,587,GIBRALTER 1,134.3344777,-30.4171761,111.0
145354,145354,6,WP 4,140.0449918,-32.2335075,228.24
145375,145375,49,2 20,134.5353255,-30.7102301,3.5
145397,145397,10,LEVEL 3 13,134.5353255,-30.7102301,4.0
145809,145809,445,BE 7,140.4541038,-31.4329895,144.0
145894,145894,1370,LNM10 1,140.1695949,-31.1168075,380.0
145983,145983,6,DOME 1/69,140.4622347,-31.9001435,197.51
145984,145984,4,DOME 2/69,140.4613957,-31.9022875,233.48
145985,145985,4,DOME 3/69,140.4650927,-31.8976575,197.21
146040,146040,10,GK 1A,140.2392558,-31.8703625,89.92
146041,146041,6,GK 1B,140.2411588,-31.8703735,198.12
147219,147219,620,PBD 1 / SABD 1,137.7024355,-32.1519193,803.2
147380,147380,936,RD/DD94WB 4,138.9771174,-29.7667085,337.0
148490,148490,32,PTR 3 / SAT 1,137.5534295,-32.7893853,242.0
148614,148614,43,WY 12,137.5957784,-32.9421603,120.9
149,149,923,BN 2,129.1635162,-31.162467,482.8
149883,149883,30,KD 6,140.2751948,-31.8440485,247.0
149884,149884,10,KD 7,140.2159298,-31.9284105,550.7
149896,149896,27,KD 19,140.1817058,-31.9227795,319.0
149897,149897,27,KD 20,140.3923287,-31.8230995,437.5
150182,150182,60,WK 2,140.332165,-30.1199495,519.0
150190,150190,5359,SPH 1,139.8613897,-29.9140859,627.0
150285,150285,282,WC 1,139.6947262,-29.8557715,173.5
150390,150390,1518,RD/DD94WB 2,139.0074084,-29.8042105,351.3
150391,150391,1118,RD/DD94WB 3,138.9917754,-29.7731915,361.5
150489,150489,157,GUNSIGHT DDH 10,139.6451066,-30.0055846,167.94
150490,150490,635,GUNSIGHT DDH 11,139.646345,-30.0046304,121.92
15083,15083,269,KILROO 1A,136.0452559,-33.5818722,1398.2
152256,152256,819,PK DDH 1,135.3871764,-29.5855772,152.3
152257,152257,394,PK DD 2,135.3799984,-29.5908132,100.3
152258,152258,621,PK DD 3,135.3858064,-29.5868722,144.0
153649,153649,57,DD92MW 1,139.6816702,-29.9904055,200.0
154064,154064,12,SH 1,138.623966,-33.9035044,200.1
154065,154065,9,SH 2,138.62358,-33.9017824,200.1
154664,154664,1468,PINDARI 1,136.3816968,-33.4087503,88.6
154665,154665,530,PINDARI 2,136.3844158,-33.4107063,50.0
1548,1548,36,BARTON 1 DDH 1,132.7398021,-30.5870151,30.0
1549,1549,54,BARTON 1 DDH 2,132.7398021,-30.5870151,29.91
1550,1550,18,BARTON 1 DDH 3,132.7398021,-30.5870151,18.37
155559,155559,25,77MTDD 1,139.0073828,-34.8886264,190.8
155560,155560,20,77MTDD 2,139.0073938,-34.8858314,215.0
155561,155561,20,77MTDD 3,139.0082298,-34.8906954,275.0
155562,155562,25,77MTDD 4,139.0084248,-34.8885534,299.9
155563,155563,32,77MTDD 5,139.0082938,-34.8871534,349.0
155564,155564,24,77MTDD 6,139.0087218,-34.8898204,409.0
155578,155578,28,81MMD 1,138.9962038,-34.8488164,184.8
155579,155579,24,DD84KA 1,139.0101768,-34.8974624,381.7
155580,155580,24,DD84KA 2,139.0093888,-34.8938874,280.0
155581,155581,24,DD84KA 3,139.0084358,-34.8821974,399.4
155700,155700,18,DD84MK 1,139.2179028,-34.7211744,170.1
155724,155724,616,SE DD 1,134.2852247,-29.8839631,111.8
155834,155834,299,HK DD 4,135.1210895,-30.0034882,73.0
155835,155835,483,GW DD 1,134.7624895,-30.3070731,114.2
156342,156342,391,HKN 99,135.0612605,-30.0144941,100.0
1572,1572,18,G20,132.7662821,-30.5958341,4.4
1573,1573,36,BARTON 2 DDH 5,132.7662821,-30.5958341,30.0
1574,1574,36,BARTON 2 DDH 6,132.7662821,-30.5958341,30.0
1575,1575,23,WILKINSON 1,132.5519971,-29.8669761,709.95
158291,158291,9,BU 1,139.005932,-33.7600584,262.28
1588,1588,106,OBD 7,132.5062583,-29.2830791,269.6
1592,1592,57,OBD 09,132.8823211,-28.8290681,400.7
15954,15954,1561,BROAD VIEW 1,136.3226028,-33.4149603,578.6
161403,161403,12,BRD 2,138.7047574,-30.7578153,141.2
162302,162302,3597,RD41,136.9103161,-30.4543628,1011.2
162321,162321,3399,RD81,136.8601046,-30.4277244,994.5
162326,162326,3360,RD87,136.904167,-30.4631068,993.8
162377,162377,3392,RD218,136.8763044,-30.4243623,1000.1
162378,162378,3360,RD221A,136.9184467,-30.4526688,1012.0
162407,162407,1619,RD307A,136.8478169,-30.4451463,676.0
162408,162408,986,RD308,136.8458649,-30.4380903,607.8
162429,162429,5820,RD502,136.8439239,-30.4310733,1015.4
162430,162430,5160,RD503,136.8419589,-30.4240573,957.4
163462,163462,3,WD 11,137.9503306,-29.8552843,193.8
16443,16443,15,DDH MH1,136.319675,-31.7260233,154.44
16447,16447,96,KGB 4 AFMECO,136.397286,-31.5492853,269.0
165046,165046,3092,SAE 7,137.1161998,-31.1269233,1221.7
165047,165047,1997,SAE 8,137.1852178,-31.1873773,1177.2
165070,165070,2418,SAE 9,137.2204518,-31.0785353,1199.7
165071,165071,2239,SAE 10,137.2890427,-31.1855723,1100.8
165125,165125,3343,SAE 11,136.9378988,-31.0731703,1267.3
165157,165157,30,SAE 12,137.1589128,-31.1146683,446.3
165372,165372,25,SAE 15,137.1438028,-31.1047293,400.81
165448,165448,20,SAE 17,137.1647608,-31.1182693,435.2
16546,16546,9,LH 1,136.469665,-31.2262943,443.2
16547,16547,894,LH 2,136.245784,-31.2901883,507.15
165487,165487,35,SAE 18,137.1648478,-31.1174563,426.7
165488,165488,35,SAE 19,137.1662838,-31.1160793,429.7
165489,165489,78,SAE 20,137.1635158,-31.1188313,417.85
165490,165490,2090,AC94CW 6,136.144137,-31.1976913,252.0
165516,165516,760,AC95EH 26,139.6196322,-29.8211685,85.0
165519,165519,57,DD92MW 2,139.5843932,-30.0372645,245.2
165520,165520,76,DD92MW 3,139.5962552,-30.0271055,247.5
165529,165529,36,SAE 21,137.1579488,-31.1090933,452.3
165530,165530,42,SAE 22,137.1523648,-31.1032333,435.6
165603,165603,15,SAE 1,137.1171578,-31.1228493,818.0
165605,165605,9,SAE 2,137.2955757,-31.1823893,213.0
165606,165606,4122,SAE 3,137.1424108,-31.1174703,1221.0
165607,165607,3480,SAE 4,137.1409008,-31.1109113,1172.5
165608,165608,80,SAE 5,137.1598378,-31.0999513,914.4
165609,165609,3417,SAE 6,137.1493818,-31.1104093,1200.0
165610,165610,21,SB 1,139.6699062,-29.9785125,83.6
165644,165644,24,GUNSIGHT GD 1,139.6488635,-30.0028363,111.5
165645,165645,12,GUNSIGHT GD 2,139.64887,-30.0028451,156.1
165646,165646,114,GUNSIGHT GD 3,139.6476355,-30.0042995,297.7
165647,165647,18,GUNSIGHT GD 4,139.6477573,-30.0037531,91.9
165648,165648,18,GUNSIGHT GD 5,139.646797,-30.0042838,215.7
165649,165649,18,GUNSIGHT GD 6,139.6469895,-30.0046549,317.0
165650,165650,18,GUNSIGHT GD 7,139.6465264,-30.0049137,390.9
165651,165651,22,GUNSIGHT GD 8,139.6459553,-30.0048852,408.9
165652,165652,33,GUNSIGHT GD 9,139.6497461,-30.0031077,159.8
16638,16638,417,SSR-1001,136.349255,-30.8397843,499.5
166740,166740,54,CD 10,138.4932662,-32.5131673,178.92
166741,166741,471,CDW 10,138.4932662,-32.5131673,436.47
166843,166843,3,CD 24,138.5179762,-32.4814643,400.6
16695,16695,273,RL 1,136.0678091,-30.3210332,674.6
167571,167571,60,KTH 1,140.2194682,-36.3214286,51.2
167572,167572,45,KTH 2,140.2235262,-36.4018786,73.7
167573,167573,45,KTH 3,140.2227002,-36.4019366,75.0
167574,167574,75,KTH 4,140.1702432,-36.2179245,79.5
167575,167575,105,KTH 5,140.1629252,-36.1004935,152.4
167583,167583,15,KTH 9,140.1031662,-36.1974275,103.8
16794,16794,79,SR13/2,136.1763022,-29.0068422,900.27
16829,16829,297,TURKS BORE,136.4269172,-28.9382462,224.0
168714,168714,90,HDD 1,140.7742446,-31.6776495,325.0
168897,168897,130,HDD 2,140.7730326,-31.6769705,504.0
169145,169145,33,LD 2,140.534987,-36.7605816,185.0
169146,169146,33,LD 3,140.546857,-36.7635216,328.5
169147,169147,33,LD 1,140.576258,-36.8101266,150.0
169554,169554,53,LED001,134.7655145,-31.2257091,159.1
169556,169556,106,LED003,134.7635565,-31.2277261,413.0
169558,169558,106,LED008,134.7643885,-31.2267901,167.0
169559,169559,53,LED009,134.7632375,-31.2251991,180.5
169870,169870,211,LED010,134.7618815,-31.2258831,450.0
170020,170020,1276,BRD 1,137.3016708,-30.3980773,890.6
173735,173735,60,SHR 1,139.7608224,-35.3462895,90.2
173736,173736,30,SHR 2,139.8287114,-35.4564695,160.15
173737,173737,45,SHR 3,139.7701374,-35.3407775,109.7
173739,173739,60,SHR 4,139.7755284,-35.3394075,119.0
173741,173741,45,SHR 6,139.7799964,-35.3393625,126.5
173742,173742,60,SHR 7,139.7611194,-35.3455535,97.0
173743,173743,60,SHR 8,139.7608094,-35.3463795,115.0
173745,173745,45,SHR 9,139.7645754,-35.3404495,108.0
173746,173746,30,SHR 10,139.7522154,-35.3406385,78.1
173750,173750,15,SHR 11,139.8306294,-35.3214065,150.6
173753,173753,30,SHR 12,139.7844384,-35.3175515,141.7
173755,173755,15,SHR 13,139.7713124,-35.3700825,148.1
173756,173756,30,SHR 14,139.7664454,-35.3701415,122.4
173758,173758,15,SHR 15,139.7792134,-35.3753565,135.5
173759,173759,15,SHR 16,139.7929954,-35.3753595,150.5
173760,173760,45,SHR 17,139.7776544,-35.3166355,126.8
173761,173761,45,SHR 18,139.7735374,-35.3161075,119.2
173762,173762,60,SHR 19,139.7689254,-35.3147985,118.8
173763,173763,45,SHR 20,139.7650724,-35.3142625,97.1
173764,173764,45,SHR 21,139.7610434,-35.3130225,99.4
173765,173765,45,SHR 22,139.7501114,-35.3100515,81.5
173766,173766,45,SHR 23,139.7601494,-35.2591485,78.1
173767,173767,60,SHR 24,139.6920064,-35.5481365,158.4
173768,173768,45,SHR 25,139.6838374,-35.5504815,159.0
173769,173769,90,SHR 26,139.7629004,-35.3456625,269.9
173770,173770,45,SHR 27,139.7595944,-35.3452585,263.7
173774,173774,28,SHR 30,139.7645964,-35.2594835,78.7
173775,173775,28,SHR 31,139.7755604,-35.2613975,93.3
173776,173776,42,SHR 32,139.7671244,-35.2595085,86.4
173777,173777,42,SHR 33,139.7616284,-35.2594525,86.5
173778,173778,55,SHR 34,139.7716994,-35.3270615,161.0
173780,173780,33,SHR 36,139.7622084,-35.3456095,173.05
173781,173781,44,SHR 37,139.7369704,-35.3635615,162.4
173784,173784,22,SHR 40,139.7390924,-35.3077735,99.0
174023,174023,24,PL 1,139.3177216,-35.4903034,92.5
174046,174046,45,MTR 10,139.8851233,-36.2722145,167.4
174047,174047,45,MTR 11,139.8779446,-36.2744185,205.2
174048,174048,60,MTR 12,139.8111214,-35.9812215,123.3
174049,174049,60,MTR 13,139.7856144,-35.9809655,161.6
174386,174386,24,DWM 1A,138.9088052,-31.0738895,185.0
174397,174397,24,DLP 1,138.9429462,-31.2843355,200.5
174398,174398,12,DLP 2,138.9429462,-31.2843355,101.9
174399,174399,9,DTP 1,138.8725692,-31.1958625,143.5
1744,1744,8,K2-D2,132.8166133,-26.15926,38.18
174400,174400,12,DTP 2,138.8714192,-31.2003535,44.0
1745,1745,8,K2-D3,132.8166742,-26.15926,87.02
1746,1746,8,K2-D4,132.8166743,-26.15926,76.81
174630,174630,70,WYN 1,139.9266504,-35.3079155,156.2
1747,1747,8,K2-D5,132.8166132,-26.15926,120.49
1748,1748,10,K2-D6,132.8166743,-26.159207,165.49
1749,1749,10,K2-D7,132.8166743,-26.15926,126.52
175069,175069,18,LD 97001,140.6295008,-31.1142125,432.3
175075,175075,2,REAPHOOK 5A,139.3034581,-31.3853945,248.11
176038,176038,122,TSDD 2,138.911767,-33.1755484,97.8
1765,1765,298,MID 1,132.7502333,-26.210422,194.54
17663,17663,232,COWELL JADE DH 15,136.9217856,-33.5029553,28.15
17664,17664,232,COWELL JADE DH 16,136.9223206,-33.5013413,25.66
1773,1773,3,FPD 1,132.5497663,-26.185449,95.38
177732,177732,12,MD 3,139.2006082,-30.6727725,349.1
177955,177955,2,YD 3,139.2703662,-30.1839155,220.98
179111,179111,189,DD93MM 29,140.9338235,-32.2559556,110.0
179131,179131,52,DD92TR 1,139.1240918,-34.5127534,85.14
17920,17920,672,COWELL JADE DH 14,136.9251896,-33.4957793,37.15
17921,17921,479,COWELL JADE DH 17,136.9251896,-33.4957793,26.3
179754,179754,2303,MENNINNIE DAM MD 10,136.4176258,-32.6473033,550.3
17981,17981,243,FH 5,136.9759257,-32.2631353,174.0
179978,179978,644,TELEPHONE DAM TD 9,136.5671828,-32.6829563,473.6
180496,180496,4,BM 2,139.2441092,-30.1963965,181.36
180498,180498,12,BM 5,139.2421702,-30.1915435,173.74
180584,180584,229,TER 1,137.4953803,-34.7844003,199.0
180701,180701,32,BW 1,140.8485316,-31.9912786,118.8
18092,18092,367,VANGUARD 1,136.9301398,-31.4397343,1096.0
18093,18093,2980,WJP1/WJD1,136.9662338,-31.0658493,1015.1
1810,1810,111,WHD 1,132.7310383,-26.308981,118.53
1810,25359,111,WHD 1,132.7310383,-26.308981,118.53
1811,1811,4,WHD 2,132.7310743,-26.3139,87.21
181105,181105,1123,DRD-01,140.8992773,-32.4105562,376.0
1812,1812,6,DDH KP-2,132.7815633,-26.151161,207.33
1814,1814,6,DDH KP-1,132.7815633,-26.151105,137.19
18159,18159,1620,CSD 1,136.8437778,-30.9454403,994.2
18160,18160,684,HHD 1 (HHD 1 W1) 1,136.7690999,-30.7825783,1186.2
181687,181687,1072,RPAD 14,137.3286686,-32.5845623,200.5
181693,181693,3,RPAD 23,137.3291246,-32.6494823,206.5
181696,181696,15,RPAD 24,137.3359006,-32.7900313,197.2
18189,12112,2431,BD 1,136.843693,-30.1486023,941.0
18189,18189,2431,BD 1,136.843693,-30.1486023,941.0
18189,77469,2431,BD 1,136.843693,-30.1486023,941.0
18190,18190,1374,BD 2,136.815018,-30.1223973,829.4
18190,241906,1374,BD 2,136.815018,-30.1223973,829.4
18190,77471,1374,BD 2,136.815018,-30.1223973,829.4
182066,182066,695,RPAD 133,137.3253966,-32.6639793,151.0
182167,182167,2159,RPDD 1,137.3248826,-32.6647103,203.4
182173,182173,8,PIGLET 1,132.5306821,-29.8427921,688.0
182393,182393,336,AC/DD95GA 1,133.0769331,-29.5856031,92.0
183615,183615,22,RDD 1,140.533751,-31.8943761,334.0
183814,183814,260,HKSB 17T,135.1538274,-29.9965762,247.4
183816,183816,156,HKSB 19T,135.1529164,-29.9973352,201.2
184147,184147,5964,BLACK HILL 1,139.4525436,-34.6578754,749.0
184730,184730,168,GY 1,137.1732637,-31.4437383,37.7
184731,184731,21,GY 13,137.1817187,-31.4453993,53.0
185401,185401,110,KOKDD 4,135.1236324,-31.0394081,36.2
185404,185404,78,KOKDD 7,135.1243194,-31.0355091,45.6
185410,185410,182,KOKDD 13,135.1234164,-31.0266041,69.9
185412,185412,33,KOKDD 15,135.1237794,-31.0232471,37.6
185417,185417,75,KOKDD 20,135.1230214,-31.0287431,45.8
185421,185421,126,KOKDD 24,135.1245964,-31.0314671,66.6
185422,185422,30,KOK 25,135.1234774,-31.0251511,31.8
185429,185429,46,KOKDD 32,135.0315004,-31.0757721,66.0
185432,185432,15,KOKDD 35,135.0442904,-31.0763101,59.8
185511,185511,588,TARDD 85,134.6365115,-30.8027271,155.3
185512,185512,50,TARDD 86,134.6364415,-30.8019501,150.4
185513,185513,265,TARDD 87,134.6364875,-30.8035121,150.4
185524,185524,27,LD95 1,140.5748638,-31.2539005,146.7
185525,185525,18,LD95 1A,140.5736037,-31.2538965,202.1
185526,185526,457,LD95 2,140.5783447,-31.2268435,229.2
185527,185527,150,LD95 3,140.5753648,-31.2123975,399.8
185581,185581,1045,CD93 1,135.1166505,-29.2991922,300.0
185582,185582,902,CD93 2,135.1228275,-29.2986812,200.0
185583,185583,330,CD93 3,135.4400264,-29.4289352,121.0
185584,185584,473,CD93 4,135.4465234,-29.4359792,186.0
185585,185585,297,CD93 5,135.4436064,-29.4384982,131.0
185586,185586,407,CD93 6,135.4632354,-29.4469332,188.0
185587,185587,1155,CD93 7,135.1207695,-29.2999742,360.0
185588,185588,803,CD93 8,135.1248895,-29.3005832,284.6
185589,185589,1416,CD93 9,134.4353657,-29.2347361,240.0
185601,185601,54,ED97 1A,140.5942267,-31.3847555,326.8
186162,186162,641,TARDD 88,134.6366105,-30.8042071,150.2
186163,186163,71,TARDD 90,134.6722355,-30.8135241,187.7
186164,186164,211,TARDD 91,134.6722715,-30.8121791,162.8
186165,186165,581,TARDD 92,134.6721805,-30.8143901,200.5
186166,186166,180,TARDD 93,134.6722275,-30.8129011,128.5
186196,186196,48,PADD 1,139.3438077,-34.6950464,162.6
186197,186197,48,PADD 2,139.3868156,-34.7166324,101.5
186198,186198,48,PADD 3,139.4448936,-34.6999404,119.4
186199,186199,48,PADD 4,139.4362366,-34.7827824,108.8
186200,186200,48,PADD 5,139.4606536,-34.8214144,181.1
186201,186201,48,PADD 6,139.2898178,-34.3827294,165.35
186202,186202,48,PADD 7,139.2959568,-34.3481004,213.6
186203,186203,48,PADD 8,139.3966468,-34.3242124,201.5
186204,186204,48,PADD 9,139.3052168,-34.3471374,188.0
186205,186205,48,PADD 10,139.3765628,-34.3117744,201.4
186232,186232,2959,BGDDH 4,134.4639436,-30.7677941,200.0
186974,186974,21,LD98 1,140.6095557,-31.2458905,391.25
187410,187410,29,KGD01 1,137.2017225,-34.1270453,165.7
189404,189404,2323,93DD 10,135.5747083,-29.7165892,210.15
191069,191069,1751,DAV 9,129.1347091,-26.09894,88.0
191079,191079,2922,DAV 13,129.1066701,-26.135886,75.0
191083,191083,3183,DAV 17,129.1231541,-26.304753,85.0
191087,191087,1678,DAV 21,129.1215281,-26.37829,101.05
191091,191091,1736,DAV 25,129.1574121,-26.456621,98.0
191092,191092,1434,DAV 26,129.1730851,-26.486381,128.2
191098,191098,1762,DAV 32,129.4961291,-26.167885,69.9
191102,191102,2869,MOU 4,129.2868911,-26.591947,102.5
191629,191629,586,KEN 1,134.9670284,-30.9246061,103.0
191630,191630,459,KEN 2,134.9737274,-30.9225321,100.0
191631,191631,343,KEN 3,134.9683584,-30.9230811,102.0
191665,191665,668,TAR 119,134.6720315,-30.8151471,90.5
191672,191672,552,TAR 125,134.6990485,-30.8178571,83.0
191674,191674,349,TAR 127,134.6992485,-30.8174061,64.0
191680,191680,679,TAR 132,134.5931165,-30.8010821,110.5
191681,191681,372,TAR 133,134.5933485,-30.8005321,61.0
191682,191682,365,TAR 134,134.5936235,-30.7997121,58.5
191683,191683,368,TAR 135,134.5939285,-30.7992621,66.6
191684,191684,650,TAR 136,134.5941295,-30.7988291,95.4
191685,191685,608,KLHRDD 1,135.1243084,-31.0355181,51.3
191686,191686,494,THHRDD 1,134.9170995,-30.9518881,39.25
191687,191687,722,TMWRDD 1,134.5933265,-30.8006941,40.0
192428,192428,2290,MALD 1,137.7462893,-33.8767913,362.17
192444,192444,1823,MENNINNIE DAM MD 31,136.4177649,-32.6561143,644.8
192462,192462,924,MENNINNIE DAM MD 28,136.4193779,-32.6495753,622.3
192463,192463,792,MENNINNIE DAM MD 29,136.4179668,-32.6493203,345.3
193082,193082,152,PDBN-134,135.4517291,-32.8427571,246.0
193500,193500,990,MENNINNIE DAM MD 9,136.4181019,-32.6436902,304.0
193683,193683,1105,MAWD 1,137.6743903,-33.8939693,263.9
194931,194931,137,PDBN-135,135.4527291,-32.8421741,177.2
194932,194932,128,PDBN-136,135.4525901,-32.8425911,159.9
195689,195689,1235,HKDD 6,135.1172015,-29.9996532,189.3
195690,195690,507,HKDD 7,135.1151084,-30.0009902,117.0
195691,195691,377,HKDD 8,135.1151014,-29.9991932,150.5
195694,195694,910,HKDD 11,135.1120134,-29.9994092,159.2
195697,195697,910,HKDD 14,135.1192695,-30.0000962,152.7
195698,195698,897,HKDD 15,135.1213575,-29.9973132,147.3
195700,195700,1079,HKDD 17,135.1223695,-29.9978462,171.5
195854,195854,392,ABNE 1,135.2030985,-28.4875092,476.7
195896,195896,2200,RC-DD03CSD002,137.4513638,-29.6535033,161.68
195900,195900,168,APC 160,134.4653917,-29.5538841,133.0
19796,19796,182,ROOPENA DDH 1,137.398666,-32.7188017,249.58
198441,198441,24,HDD 3,140.7802856,-31.6660665,474.0
19846,19846,121,ROOPENA DDH 2,137.4009097,-32.7189389,120.3
19914,19914,129,DDH CC 1,137.0561066,-32.6366093,150.36
200451,200451,81,DD88MI 3,132.5635941,-31.0598411,161.1
201387,201387,2260,MPD-04-15,137.6786153,-33.8963213,525.4
202016,202016,286,AD 1,134.4720957,-28.8071031,343.7
202017,202017,986,AD-3,135.3664474,-28.8992352,258.4
202018,202018,1740,AD-4,135.3619514,-28.9191042,266.6
202280,202280,1839,RC-DD03SH001,137.1046188,-30.2142853,462.5
202286,202286,9056,RC-DD03TI002,136.842666,-30.1525593,862.0
20447,20447,2760,TR 3,137.4429676,-32.4373843,400.4
205017,205017,72,WUD6-0716,135.5021781,-32.8712491,42.0
205175,205175,111,BGRC-0848,135.5005651,-32.8712141,141.0
205188,205188,130,BGRC-0861,135.5031441,-32.8531601,165.0
205193,205193,102,BGRC-0866,135.4994941,-32.8712601,142.0
20540,20540,1692,RC 1,137.3293636,-32.4671053,551.34
205821,205821,915,CAR001,137.4993036,-31.2138713,560.8
205822,205822,6629,CAR002,137.4994226,-31.2183783,984.3
20606,20606,300,PRL 1 / SAR 1,137.4239236,-31.7425513,169.07
20607,20607,5,PRL 10 / SAR 5,137.3410636,-31.6177693,199.8
20608,20608,421,PRL 11 / SAR 6,137.3481316,-31.6094373,243.2
206086,206086,204,BLANCHE 1,136.7970852,-30.4700784,1935.51
206088,206088,624,DDH KAN 1,139.0048678,-35.1050934,273.8
206089,206089,248,DDH KAN 2,139.0086078,-35.0754044,187.2
20609,20609,596,PRL 19 / SAR 7,137.4422936,-31.6079643,665.0
20610,20610,4600,PRL 21 / SAR 8,137.3559276,-31.5872113,1338.0
20611,20611,3713,PRL 23 / SAR 9,137.3471336,-31.5663683,1246.0
206152,206152,9,TD 1,134.5284295,-30.7065071,120.1
206152,25383,9,TD 1,134.5284295,-30.7065071,120.1
206153,206153,4,TD 2,134.5285235,-30.7065251,66.6
206153,25384,4,TD 2,134.5285235,-30.7065251,66.6
206154,206154,1,TD 3,134.5293785,-30.7067361,93.6
206154,25385,1,TD 3,134.5293785,-30.7067361,93.6
206156,206156,2,TD 5,134.5311095,-30.7029341,174.31
206157,206157,3,TD 6,134.5314635,-30.7030531,60.0
206158,206158,2,TD 7,134.5318415,-30.7026661,43.43
206159,206159,3,TD 8,134.5313055,-30.7035211,30.0
206160,206160,7,TD 9,134.5284595,-30.7067411,99.04
206161,206161,1,TD 10,134.5285975,-30.7063091,59.9
206162,206162,1,TD 11,134.5288595,-30.7061651,38.6
206163,206163,3,TD 12,134.5289935,-30.7064001,33.53
206262,206262,6358,RC-DD03TI004,136.845501,-30.1520503,871.5
206264,206264,6288,RC-DD03TI006,136.843364,-30.1537763,865.0
207044,207044,64,WILDD004,134.6058185,-30.6441031,222.4
207046,207046,1155,GP003D,134.5266265,-30.7086731,423.0
207047,207047,1505,GP004D,134.5304925,-30.7060791,425.1
20711,20711,4947,EC 21,137.2100697,-31.3774843,1002.0
20712,20712,2730,PY 1,137.2038097,-31.4699543,1293.3
20713,20713,916,PY 2,137.2190137,-31.4096923,926.6
20714,20714,37,PY 3,137.2011917,-31.3944243,1288.3
20715,20715,4414,PY 4,137.2343317,-31.4622093,1015.0
20716,20716,320,PRL 3 / SAR 2,137.3762377,-31.4289893,415.2
20717,20717,364,PRL 4 / SAR 3,137.3861517,-31.2607763,286.44
20718,20718,376,PRL 5 / SAR 4,137.3342227,-31.3152973,333.4
20721,20721,854,HUD 1,137.3424877,-31.1791993,483.0
20722,20722,1643,ASD 1,137.1088548,-31.0364623,1118.0
20723,20723,2713,ASD 2,137.0222468,-31.0199543,1148.4
20724,20724,1860,AD8,137.1234278,-31.0950533,1000.2
20726,20726,1237,AD 2,137.1303788,-31.0899033,829.0
20728,20728,41,SASC 4,137.4231196,-31.2019843,1250.0
20769,20769,1210,DRD 1,137.1744808,-30.7843573,1192.0
20770,20770,2788,HWD 1,137.0505788,-30.9372023,1097.15
20772,20772,2753,RED 2,137.3676398,-30.5755153,686.9
20773,20773,1377,WLD 1,137.3079058,-30.6572383,445.5
20828,20828,1634,SHD 1,137.0020889,-30.1857413,965.0
20829,20829,790,SCYW-79 1A,137.1565928,-30.1248963,1450.0
20831,20831,921,BLD2,137.2667587,-30.4183532,860.25
20832,20832,1119,BLD3,137.3200508,-30.3753003,1024.0
209782,209782,6248,RC-DD04MS001,137.0565828,-30.2769263,830.8
209917,209917,576,RC-DD04TI008,136.849523,-30.1522553,797.8
210004,210004,3963,WC05D001,135.8134303,-29.4293162,849.7
210035,210035,216,GEMRC1,135.5384843,-29.7806092,217.0
210036,210036,275,GEMRC2,135.5286853,-29.7860632,350.0
210037,210037,275,GEMRC3,135.5386183,-29.7805182,343.0
210072,210072,484,LED011,134.7538285,-31.2152351,253.0
210073,210073,402,LED012,134.7821925,-31.2162701,250.1
210074,210074,490,LED013,134.7738425,-31.2047961,250.0
210075,210075,652,LED014,134.7759675,-31.1984121,241.8
210921,210921,835,BRDD003,140.2432406,-32.6394645,227.8
210922,210922,450,BRDD006,140.2294226,-32.6370985,440.0
212208,212208,663,MGD34,137.2500237,-31.2563583,600.5
212209,212209,2221,MGD35,137.2476197,-31.2656453,560.6
212210,212210,208,MGD 40,136.9856028,-31.5392603,92.9
212211,212211,248,MGD 41,136.9787908,-31.5458603,135.0
214397,214397,1123,DD05WIL001,140.1106618,-32.0043375,246.5
214563,214563,629,BLDD01,135.684827,-33.8598352,234.3
214881,214881,4052,VP05-001,136.2939759,-32.6968543,413.3
214883,214883,3057,VP05-002,136.2970849,-32.6949463,324.9
214884,214884,3962,VP05-003,136.2882049,-32.6968773,242.4
214886,214886,1646,VP05-004,136.2880529,-32.6892123,128.4
215239,215239,960,RED001,138.2737332,-33.5849313,285.6
215240,215240,391,PN-05-01,137.423424,-31.5926585,980.1
215241,215241,4896,KDD001,134.9093225,-29.3718402,350.01
215242,215242,4845,KDD002,134.9093195,-29.3755412,351.32
215243,215243,4862,KDD003,134.9093185,-29.3768952,352.66
215244,215244,4471,KDD004,134.9103495,-29.3759932,335.21
215245,215245,4743,KDD005,134.9082895,-29.3758112,351.4
215302,215302,270,MHDDH01,138.2575246,-30.4476473,100.0
215303,215303,125,MHDDH02,138.2571436,-30.4480663,95.0
215304,215304,375,MHDDH03,138.2753645,-30.4621443,100.0
215367,215367,150,MHDDH06,138.2896194,-30.4766053,95.0
215368,215368,200,MHDDH07,138.2755685,-30.4619863,50.0
215369,215369,85,MHDDH08,138.2213256,-30.4085243,72.0
215372,215372,85,MHDDH11,138.2077886,-30.3930953,85.0
215379,215379,85,MHDDH18A,138.2614225,-30.4506273,50.0
215381,215381,105,MHDDH20,138.2617025,-30.4503213,50.0
215391,215391,3213,DD05WS001,140.3664897,-31.8235445,357.0
215392,215392,6561,DD05SK001,140.1224438,-31.9054275,402.0
215741,215741,170,MHDDH22,138.2636305,-30.4519543,70.0
215744,215744,145,MHDDH25,138.2655115,-30.4534773,71.0
215750,215750,145,MHDDH31,138.2694334,-30.4568503,70.0
215753,215753,175,MHDDH34,138.2711544,-30.4583503,72.0
216414,216414,170,MHDDH37,138.2730005,-30.4598953,70.0
21708,21708,60,STANSBURY TOWN 1,137.7808176,-34.9051887,1268.58
21709,21709,30,STANSBURY WEST 1,137.7141517,-34.8990784,1744.68
217361,217361,135,MHDDH43,138.2794474,-30.4661013,65.0
217367,217367,160,MHDDH48,138.2834645,-30.4696803,89.0
217372,217372,210,MHDDH55,138.2863984,-30.4728413,70.0
218408,218408,130,THDDH02,138.0241326,-30.2246013,85.0
218433,218433,45,WIDDH01,137.9867106,-30.1143693,105.0
218441,218441,55,WIDDH19,137.9922336,-30.1153013,65.0
218991,218991,105,PHDDH02,138.1135596,-30.3093573,91.0
218992,218992,55,PHDDH03,138.1139946,-30.3086813,102.0
218998,218998,225,THDDH07,138.0248926,-30.2248793,105.0
218999,218999,155,THDDH08,138.0254006,-30.2245753,90.0
219000,219000,50,WIDDH13,137.9940646,-30.1147493,55.0
219189,219189,929,BLDD08,135.686801,-33.8593002,205.5
219431,219431,9545,YAM 52C,140.6866286,-31.7636565,200.2
219433,219433,594,YAM 53C,140.6844326,-31.7604115,302.6
219447,219447,2113,BLDD05,135.1759151,-33.7096821,204.6
219498,219498,5848,QM2004,139.2781662,-30.1749055,582.5
219499,219499,6398,QM2005,139.2679512,-30.1794805,558.6
219502,219502,1056,QM2002,139.2736982,-30.1738995,466.2
219503,219503,5363,QM2008,139.2679822,-30.1795355,642.85
220554,220554,95,PN-06-03,137.3439817,-31.5266973,571.9
222850,222850,26,BRD002,140.4377128,-30.7768875,118.0
222851,222851,393,BRD003,140.4328948,-30.7144785,406.6
222852,222852,275,MUDGUARD WEST BORE,140.4426208,-30.7757895,330.8
222853,222853,39,BRD005,140.3309329,-30.6615945,152.6
222854,222854,393,BRD006,140.3586569,-30.6331125,390.8
222855,222855,52,BRD007,140.3137179,-30.6457775,561.8
224640,224640,34,03CDDH0053,133.5903139,-29.8748841,267.0
226685,226685,413,97CHDH0988,133.5877799,-29.8768961,260.43
226688,226688,707,97CHDH1000,133.5887979,-29.8730361,454.2
226693,226693,490,97CHDH1337,133.5955129,-29.8814721,222.18
226703,226703,1917,97CHDH1360,133.5900969,-29.8712091,580.18
226812,226812,662,98CDDH0002,133.5890949,-29.8776681,220.06
226814,226814,337,98CDDH0004,133.5896739,-29.8725401,427.2
227935,227935,5262,SH7,135.7175343,-29.9820862,1467.5
229147,229147,195,119105-0,139.3047458,-34.1041104,262.2
229506,229506,78,119101-0,139.4110016,-34.7069694,188.5
229507,229507,78,119102-0,139.3979096,-34.7064374,252.1
229508,229508,117,119103-0,139.3139867,-34.6399344,192.3
229509,229509,78,119104-0,139.2921748,-34.6396304,201.1
229978,229978,4377,MGD44,137.2515727,-31.2676333,607.32
229979,229979,183,MGD45,137.2521467,-31.2511163,801.17
229981,229981,1819,MGD 46,137.2581857,-31.2455083,795.13
229989,229989,1437,RDD002,136.9763107,-32.8239203,596.1
23015,23015,516,DDH 93,137.6361703,-34.2331913,292.76
23028,23028,315,DDH 178,137.5344804,-34.2373203,203.06
23045,23045,1566,DDH 203,137.7256883,-34.1750693,302.66
23053,23053,72,DDH 228,137.6165244,-34.0398483,103.2
230889,230889,1029,KAR001,136.2562378,-33.7761733,672.0
231063,231063,2329,PH-DD05MS003,137.0770318,-30.2474823,891.2
231064,231064,735,PH-DD05MS004,137.0791988,-30.2679533,759.0
231149,231149,212,WDD01,137.9532823,-33.3302733,466.0
231341,231341,11260,CHRCD001,136.5651579,-31.1977933,1146.4
232335,232335,616,MC07RD01,137.5344985,-32.7539413,176.4
232336,232336,205,MC07RD03,137.5323645,-32.7539393,180.5
232640,232640,1488,PH-DD05MS002,137.0598208,-30.2776873,930.4
232682,232682,1632,MPD-05-18,137.6703183,-33.8989353,656.7
234075,234075,3527,07SH13,135.6858423,-29.9907372,702.0
234118,234118,623,DD07HAR001,129.713381,-26.89647,266.41
234167,234167,1075,DMDD-001,133.6224679,-30.4110251,234.0
234168,234168,1440,DMDD-002,133.6235909,-30.4111271,318.0
234169,234169,957,DMDD-003,133.6319839,-30.4094101,321.0
234697,234697,2860,MDD001,137.2534895,-33.3113533,754.1
234698,234698,6032,MDD002,137.2771245,-33.3104263,856.1
234699,234699,4576,MDD003,137.2925265,-33.2883483,150.0
234700,234700,5684,MDD004,137.2927445,-33.2893093,177.2
234701,234701,5668,MDD005,137.2931045,-33.2907633,203.2
235860,235860,3031,HL002,137.4019535,-31.3952074,659.9
23633,23633,4961,DDH 114,137.6688803,-33.9774903,747.64
237056,237056,4216,DD07HAR003,129.709947,-26.896496,776.16
237074,237074,780,MRK003,135.1552184,-29.8573412,214.4
237075,237075,1443,MRK004,135.1791144,-29.8339282,607.1
237076,237076,2665,MRK005,135.1909714,-29.8312042,619.0
237077,237077,1142,MRK006,135.2567424,-29.8480142,603.4
23709,23709,887,DDH 224,137.7353073,-33.8745743,250.0
237135,237135,671,BNW01,135.0398446,-28.4317972,340.5
237136,237136,939,BNW01A,135.0398446,-28.4317972,601.5
238004,238004,1,K 7,138.9170288,-34.3474084,76.2
238008,238008,2,K 11,138.9181289,-34.3471524,42.6
238011,238011,1,K 14,138.9167229,-34.3474754,74.9
238012,238012,2,K 17,138.9185249,-34.3476324,72.5
23932,23932,740,PP 12,137.9567483,-33.4634683,627.4
23935,23935,2091,PP 15,137.8959784,-33.2271783,800.8
239706,239706,7182,EWHDDH01,134.0827929,-27.3740252,831.17
239707,239707,12948,EWHDDH02,134.0665989,-27.3613072,806.53
239717,239717,1082,BKDDH01,136.0530182,-29.9598702,599.0
239718,239718,839,BKDDH02,136.0461232,-29.9507112,595.7
239890,239890,17971,TD4,137.6135236,-30.7976373,1198.0
239891,239891,12870,TD5,137.6135236,-30.7976373,1183.0
239892,239892,5670,TD6,137.5938956,-30.7826093,1154.3
240038,240038,864,NTDD001,140.0495627,-32.8030115,350.0
240039,240039,700,NTDD002,140.0470237,-32.8017655,348.6
240040,240040,460,NTDD003,140.0423317,-32.8060505,347.9
240041,240041,536,NTDD004,140.0423317,-32.8060505,350.0
240044,240044,2164,COD011,137.2264355,-33.5940383,276.3
240045,240045,1068,COD012,137.2169115,-33.6007913,270.3
240046,240046,56,COD013,137.2587705,-33.5531473,204.0
240047,240047,446,COD014,137.2595885,-33.5432133,210.35
240320,240320,6669,MAD01,130.1191899,-26.258521,389.0
240321,240321,7020,MAD02,130.1211579,-26.259093,399.0
240506,240506,427,CPNDD 3,134.9330595,-29.2626732,180.1
240507,240507,729,CPNDD 4,134.8503115,-29.2356202,205.4
240508,240508,366,CPNDD 5,134.8014466,-29.2392111,78.3
24104,24104,7,PUB 08 / SAU 2,137.5745285,-32.7621193,215.35
24114,24114,12,PUB 17 / SAU 7,137.5218115,-32.7383063,143.2
241827,241827,3689,DD08CAR001,130.7243237,-26.395607,432.05
241828,241828,3751,DD08CAR002,130.7342957,-26.425727,404.9
241829,241829,1643,DD08CAR003,130.7154197,-26.335685,444.17
241830,241830,3782,DD08CAR004,130.6532787,-26.404119,488.97
241831,241831,2852,DD08CAR005,130.6424927,-26.387859,402.2
241877,241877,14429,DD08WTH004,135.5271223,-29.6493802,492.7
241878,241878,14058,DD08WTH005,135.5271113,-29.6473042,499.8
241905,241905,1456,BD 1B,138.927607,-33.6778004,323.0
241906,18190,1904,BD 2,138.928334,-33.6796924,288.0
241906,241906,1904,BD 2,138.928334,-33.6796924,288.0
241906,77471,1904,BD 2,138.928334,-33.6796924,288.0
247738,247738,338,KMD-07-01,139.6682164,-35.7667944,378.4
247743,247743,217,KKD-07-05,139.8479704,-35.5649015,348.4
248359,248359,337,BLN001,138.6762394,-31.0878693,340.45
248363,248363,295,BLN005,138.6741414,-31.0836373,403.6
248412,248412,3660,K16-01,140.8426166,-31.6412426,372.7
248413,248413,14518,YM01,140.6893766,-31.6203455,417.6
24924,24924,422,PUB 03 / SAU 1,137.6053305,-32.3567963,275.35
24951,24951,21,WILKATANA 3,137.8301363,-32.1258123,406.6
25079,25079,666,DEPOT CREEK 1,137.9413364,-32.2309923,874.35
252736,252736,177,GOMA DH1,134.4146237,-29.1018551,310.2
252737,252737,354,GOMA DH2,133.7325589,-27.1151071,88.6
252739,252739,354,GOMA DH4,134.1938638,-28.4687251,516.8
253551,253551,1886,GHDD1,137.4898596,-31.5662913,972.1
253552,253552,2275,GHDD2,137.4904146,-31.5645843,1069.0
25356,25356,466,BDH 3,137.6087356,-31.8284013,1200.0
25356,6700,466,BDH 3,137.6087356,-31.8284013,1200.0
25357,25357,34,SLT 107,137.5258546,-31.8193083,1099.0
25359,1810,1231,WHD 1,137.5206196,-31.6351403,683.53
25359,25359,1231,WHD 1,137.5206196,-31.6351403,683.53
25362,25362,34,SLT 103,137.5051356,-31.7579893,750.5
25363,25363,59,SLT 106,137.7219736,-31.6990703,1449.0
25369,25369,1181,NHD 1,137.5610513,-31.2742382,643.2
25375,25375,922,MRD 1,137.7693436,-30.9663383,918.0
25383,206152,798,TD 1,137.6228236,-30.8038203,498.0
25383,25383,798,TD 1,137.6228236,-30.8038203,498.0
25384,206153,2560,TD 2,137.6526146,-30.7803763,881.0
25384,25384,2560,TD 2,137.6526146,-30.7803763,881.0
25385,206154,12,TD 3,137.6304036,-30.7552243,733.4
25385,25385,12,TD 3,137.6304036,-30.7552243,733.4
254803,254803,1913,BRD008,140.3153689,-30.6484925,516.3
254804,254804,1568,BRD009,140.3201069,-30.6484815,465.9
254807,254807,1666,BRD012,140.3526469,-30.6047665,489.8
254808,254808,1716,BRD013,140.3474389,-30.6051735,508.0
25545,25545,1215,POOLOWANNA 1,137.6735991,-26.4247542,3074.21
256314,256314,46,LY 3,137.1542698,-31.4343573,246.6
258883,258883,4144,RCDD10VUD003,137.0194789,-30.1748373,1119.8
259027,259027,7055,AS10D04,137.0497698,-30.7314693,828.8
261383,261383,16023,DEL10ACD001,139.6211786,-34.1153755,523.7
262023,262023,2346,IHAD1,137.1176478,-31.0962373,1062.9
262024,262024,3185,IHAD2,137.1540468,-31.0983493,1158.8
262025,262025,1767,IHAD3,137.1385208,-31.0832743,1027.5
262027,262027,14940,IHAD5,137.1505008,-31.0949633,1152.8
262028,262028,10766,IHAD6,137.1471448,-31.0916093,1116.7
262029,262029,6206,IHAD8,137.0134698,-31.0681493,1206.6
262078,262078,1829,WWDD01,137.4106796,-31.5277573,846.3
262462,262462,966,DD10WOD005,130.5696917,-26.311872,251.97
262463,262463,1748,DD10WOD009,130.5452327,-26.312697,257.97
262464,262464,1610,DD10WOD010,130.5163457,-26.309737,275.9
262465,262465,1518,DD10WOD011,130.5374847,-26.333589,272.95
262466,262466,1242,DD10WOD012,130.5428947,-26.296509,251.9
262976,262976,4130,RCDD09VUD001,137.0133559,-30.1749673,1113.3
262977,262977,3570,RCDD11VUD007,137.0488549,-30.1909453,1227.8
262978,262978,1196,RCDD11VUD008,137.0171889,-30.1684583,1079.5
264013,264013,14579,RBDDH001,138.0769302,-33.8798533,603.5
264014,264014,2379,RBDDH002,138.0769412,-33.8798533,401.5
264461,264461,5566,EUDH002,136.6248738,-32.8569543,194.8
268309,268309,4000,PDDD1,137.5182126,-31.5395543,998.9
268310,268310,1552,HODD1,137.5584596,-31.6278743,972.3
268311,268311,4765,GHDD3,137.4890836,-31.5679923,913.8
268312,268312,544,WDDD2,137.5047066,-31.5747753,901.2
268314,268314,4848,GHDD4,137.4914336,-31.5672703,994.5
268315,268315,1235,GHDD5,137.4949986,-31.5702043,913.7
269223,269223,11440,DDHURN1,135.5756673,-29.7193642,720.0
270096,270096,9943,WDDH01,136.2654269,-32.8414713,952.0
270294,270294,1768,IRD204,135.6691831,-33.2442002,444.56
272687,272687,1105,GHDD7,137.4926086,-31.5686543,897.7
273112,273112,3282,COD008,137.2519965,-33.5481763,252.0
273116,273116,2094,WIL018PD,134.6034705,-30.6439781,249.5
273117,273117,2244,WIL022PD,134.6049665,-30.6483411,282.5
274444,274444,1995,BC4DD001,136.1289492,-28.3003452,144.3
274447,274447,2706,CHDCU02,135.1176815,-29.3034522,600.5
274546,274546,5390,LE4DD001,136.6924465,-28.8789046,582.2
275113,275113,5383,PYD001,137.7361912,-34.5825583,231.1
275114,275114,3494,PYD002,137.7356482,-34.5826063,201.0
275115,275115,5217,PYD003,137.7105533,-34.6119673,260.8
275116,275116,4841,PYD004,137.7156972,-34.6118983,242.2
275117,275117,5063,PYD005,137.5205293,-34.4935043,233.6
275118,275118,2730,PYD006,137.5172323,-34.4935993,162.4
275451,275451,13279,DD11JB001,133.6797359,-28.8887961,359.5
275454,275454,11775,DD12JB004,133.7075349,-28.8541031,401.6
275455,275455,8008,DD12JB005,133.7686779,-28.9475331,274.9
275710,275710,2788,DD09MTV001,139.8447748,-31.9350505,101.8
275711,275711,3291,DD09MTV002,139.8442528,-31.9353165,99.8
275712,275712,3273,DD09MTV003,139.8447438,-31.9357995,125.0
275713,275713,3782,DD09MTV004,139.8443808,-31.9360935,150.1
275714,275714,4139,DD09MTV005,139.8445258,-31.9363295,171.4
276013,276013,977,CBD004,134.1962667,-29.1849671,399.8
276136,276136,2508,CHDCU01,135.1209985,-29.3017872,550.5
276137,276137,990,CHDCU03,135.1058065,-29.3081812,449.8
277548,277548,18814,AD1,137.2460068,-30.9797393,823.8
277551,277551,10527,AD6,137.2459318,-30.9743013,735.8
279088,279088,1134,MMD001,134.6874247,-27.0807442,197.6
279089,279089,2646,MMD002,134.5189438,-26.9911402,396.0
279090,279090,3402,MMD003,134.7500447,-26.9101482,509.5
279091,279091,3528,MMD004,134.7362967,-26.9105022,459.0
279095,279095,4032,EUE001,135.0024536,-28.5961332,471.4
279096,279096,5148,ALG001,134.9608046,-28.5471852,498.4
279097,279097,4896,SRE001,134.9138556,-28.8430122,442.6
279812,279812,1008,BNE05,135.2073185,-28.4965022,846.3
279813,279813,3596,BNE05X,135.2073185,-28.4965022,1164.9
281137,281137,2938,RD1614,136.8915529,-30.4369433,785.4
281138,281138,18630,RD2715,136.8911959,-30.4376273,1011.8
281139,281139,17550,RD2751,136.8936929,-30.4485403,1390.8
281140,281140,1593,RD33,136.8892659,-30.4402083,697.4
281141,281141,11321,RD76,136.8877239,-30.4423863,918.7
281142,281142,13063,RD252,136.8885579,-30.4412393,889.0
281143,281143,17610,RD2773,136.9130229,-30.4478803,2328.9
281144,281144,26432,RD2786A,136.8965159,-30.4586913,2364.9
281145,281145,6496,RD2923,136.8950869,-30.4515223,600.0
281146,281146,1457,RD16,136.8860159,-30.4441583,480.0
281147,281147,8798,RD16W1,136.8860159,-30.4441583,1318.9
281148,281148,13468,RD1603,136.8814829,-30.4511983,842.6
281149,281149,10946,RD1604,136.8813299,-30.4502053,800.0
281150,281150,10004,RD1605,136.8823349,-30.4499883,800.0
281151,281151,13494,RD1606,136.8820899,-30.4491173,1000.0
281152,281152,21372,RD2137,136.8792489,-30.4543453,1295.4
281153,281153,10270,RD2151,136.8805489,-30.4512933,844.3
281154,281154,13468,RD2153,136.8806269,-30.4511823,886.3
281155,281155,10582,RD2162,136.8828689,-30.4480653,999.0
281156,281156,3094,RD2568,136.8799089,-30.4569453,829.9
281157,281157,87,RD302,136.8698409,-30.4627993,590.8
281158,281158,2002,RD451,136.8717549,-30.4698103,889.0
281159,281159,4562,RD480,136.9025429,-30.4263133,976.1
281160,281160,3484,RD2326,136.9142429,-30.4073313,747.8
281161,281161,442,RD2336,136.9181559,-30.4011563,465.3
281162,281162,806,RD2347,136.9251879,-30.3841783,535.0
281163,281163,1664,RD2488,136.8484859,-30.4940513,800.0
281164,281164,2054,RD2499,136.8658689,-30.4727153,840.5
281165,281165,2652,RD2684,136.8938789,-30.4336863,850.0
284461,284461,62,DD12COP010,129.9953689,-26.366612,149.97
284462,284462,172,DD12COP011,129.9963239,-26.369332,158.97
284463,284463,1174,DD12COP012,130.0078069,-26.370028,239.97
284464,284464,2940,DD12COP013,129.9876889,-26.359189,266.95
284465,284465,1421,DD12COP014,129.8722909,-26.334739,221.88
284466,284466,2352,DD12COP015,129.9270959,-26.361842,252.05
284469,284469,912,DD13COP018,129.9021629,-26.365938,206.93
284470,284470,1401,DD13COP019,129.9398169,-26.370833,254.97
284471,284471,1008,DD13COP020,129.9382719,-26.368108,225.02
284472,284472,912,DD13COP021,129.9200899,-26.359269,281.97
284473,284473,1617,DD13COP022,129.8663739,-26.36095,204.19
284474,284474,576,DD13COP023,129.9013169,-26.361564,122.87
284475,284475,1104,DD13COP024,129.9093349,-26.360313,150.02
284733,284733,9930,WRD19,136.9541268,-30.6447603,723.3
284734,284734,51180,WRD33,136.9437458,-30.6393793,2064.6
284735,284735,24720,WRD36,136.9622858,-30.6498103,1224.54
284736,284736,28020,WRD37A,136.9691238,-30.6498413,1333.2
284737,284737,20592,WRD49,136.9581178,-30.6499713,1043.88
284738,284738,25047,WRD50A,136.9425849,-30.6428163,1135.5
284739,284739,20592,WRD51,136.9486318,-30.6452153,997.0
284740,284740,12903,WRD52,136.9460968,-30.6451993,763.0
284741,284741,19702,WRD53,136.9422309,-30.6402413,1009.0
285005,285005,504,AD10,137.2460178,-30.9815703,747.2
285006,285006,276,AD17,137.2458578,-30.9707133,888.0
285007,285007,8418,AD9,137.2458708,-30.9770723,754.23
285456,285456,8008,ACEDD001,134.1104477,-29.9032481,420.8
285457,285457,5560,ACEDD003,134.1077717,-29.9047731,582.7
285463,285463,31551,SPRCD001,137.7626638,-32.8911014,828.5
285464,285464,30365,SPRCD002,137.7641744,-32.8829293,729.6
285465,285465,33850,SPRCD004,137.7644608,-32.8919443,865.2
285472,285472,2899,ACEDD002,134.1076367,-29.9048081,282.5
285474,285474,4049,WLMDD002,137.8627473,-33.9127133,234.7
287995,287995,14568,MSDP01,137.3896226,-32.4393433,1116.8
287996,287996,6740,MSDP02,137.5525495,-32.4744873,564.5
287997,287997,1714,MSDP03,137.3757386,-32.4602743,262.6
287998,287998,5986,MSDP04,137.3148756,-32.4369333,843.9
288771,288771,6145,MSDP05,135.3894822,-32.3946981,569.3
288772,288772,2893,MSDP06,135.4512002,-32.4339151,503.8
288773,288773,2639,MSDP07,135.2909052,-32.3534011,879.6
288774,288774,3428,MSDP08,135.6732651,-32.6584902,505.0
288775,288775,3755,MSDP09,135.6815471,-32.6538222,319.0
288776,288776,4898,MSDP10,135.6637071,-32.6530082,567.0
288777,288777,7446,MSDP11,135.7382541,-32.7315612,498.2
288778,288778,5175,MSDP12,135.6624421,-32.6748562,459.9
288779,288779,6743,MSDP13,135.5949981,-32.7145091,502.4
288780,288780,1320,MSDP14,135.6158561,-32.6922651,276.0
288795,262081,4477,MMDD1,137.5641616,-31.5821543,1248.4
288795,288795,4477,MMDD1,137.5641616,-31.5821543,1248.4
290347,290347,2022,KTDD149,139.0076428,-35.0915314,588.6
290348,290348,756,KTDD160,139.0076478,-35.0924234,420.6
290462,290462,370,WD16-01,136.0273394,-27.5775962,234.0
290463,290463,476,WD16-02,135.9425664,-27.5098892,191.1
290464,290464,340,WD16-03,136.0043424,-27.5329362,306.3
290465,290465,708,WD16-04,136.0343124,-27.6049062,330.8
290466,290466,1085,WD16-05,136.0515484,-27.5433292,308.0
290956,290956,1210,LMD001A,134.1912319,-26.8807972,305.1
290957,290957,514,LMD002,134.1892139,-26.8757662,252.3
290958,290958,444,LMD003,134.1869649,-26.8707152,320.5
290968,290968,1150,YRDH001,139.2174062,-30.0647265,150.6
290969,290969,184,YRDH002,139.2373092,-30.0578125,348.3
290970,290970,1196,YRDH003,139.2373522,-30.0577235,210.3
290971,290971,46,YRDH004,139.2373622,-30.0577235,249.6
290972,290972,2438,YRDH005,139.2896872,-30.0734915,78.1
291010,291010,4794,CY15-002,133.5779429,-29.3813991,600.6
291011,291011,2686,CY15-003,133.5756149,-29.3828721,464.1
292698,292698,1248,DD08CWC003,139.8218808,-32.0149765,93.8
292702,292702,1104,DD08CWE004,139.8302938,-32.0125805,93.6
292943,292943,5720,HDD-006,137.8665212,-34.5384783,579.3
292947,292947,3507,HDD-009,137.8673722,-34.5384943,507.4
293015,293015,3754,HDD-010,137.8689702,-34.5384203,339.0
293018,293018,2852,HDD-013,137.8659562,-34.5385093,752.3
293022,293022,6210,HDD-018,137.8708642,-34.5383673,550.0
293029,293029,6459,HDD-024,137.8719442,-34.5384043,690.2
293063,293063,9165,HDD-046,137.8745442,-34.5383073,267.0
293065,293065,6329,HDD-048,137.8739562,-34.5383123,266.0
293077,293077,12980,HDD-060,137.8711922,-34.5383953,475.0
293079,293079,14253,HDD-062,137.8731822,-34.5383033,504.1
293080,293080,13655,HDD-063,137.8700372,-34.5384043,596.2
293081,293081,16874,HDD-064,137.8722572,-34.5383433,497.6
293458,293458,11258,HDD-206,137.8756972,-34.5387023,343.6
293657,293657,16593,HDD-308,137.8751172,-34.5387213,427.4
294226,294226,910,GPDD003,135.7796419,-34.6460222,233.7
294392,294392,1352,IMDD001,136.0488509,-34.3195522,405.7
294394,294394,728,IMDD003,136.0496009,-34.3167372,591.5
294396,294396,1118,IMDD005,136.0510889,-34.3173162,582.0
294565,294565,6466,PPDH154,136.04255,-32.6637263,336.8
294566,294566,12078,PPDH155,136.050351,-32.6672043,432.6
294567,294567,7015,PPDH156,136.04599,-32.6671273,342.5
294568,294568,833,SAW001,139.2921088,-34.3566664,114.3
294569,294569,882,SAW002,139.3590398,-34.1806204,162.4
294570,294570,1078,SAW003,139.3256428,-34.1916574,138.4
294580,294580,1456,WO-17-01,140.053281,-29.8430925,712.1
294587,294587,6670,DD16JUP004,135.5702973,-29.4375022,315.0
294588,294588,6732,DD16JUP005,135.5700573,-29.4407242,360.8
294589,294589,5520,DD16TUR014,135.6332923,-29.6756922,365.1
294590,294590,6854,DD16TUR015,135.6267873,-29.6681872,435.9
294591,294591,10488,DD16TUR016,135.5964903,-29.6352692,390.6
295496,295496,3094,14_SHR_005,139.7645004,-35.3447865,637.1
295497,295497,286,15_SHR_006,139.7630254,-35.3455015,372.27
295507,295507,3740,12_SHR_003,139.7654354,-35.3440925,840.0
295508,295508,748,12_SHR_004,139.7584964,-35.3495485,500.0
29752,29752,40,BUTE DDH 7,138.0746372,-33.8684723,458.85
299042,299042,520,RGDH-05-01,139.8562971,-29.9211515,752.3
299055,299055,2345,CDP001,129.2565041,-31.637661,555.5
299056,299056,1876,CDP002,129.675739,-31.283819,698.63
299057,299057,1474,CDP003,129.0252222,-31.151532,464.8
299058,299058,2747,CDP004,129.0123492,-30.830053,681.4
299059,299059,1675,CDP005,129.551655,-31.193653,648.2
299060,299060,1678,CDP006,129.490855,-31.299844,485.55
299061,299061,670,CDP007,129.3438821,-31.343233,380.5
299062,299062,1206,CDP008,129.9390569,-31.348758,651.7
30054,30054,468,BUTE B 23,138.0073542,-33.8725253,866.8
310748,310748,4459,PHL0001DD,134.8848735,-29.5802161,453.3
310749,310749,4312,PHL0002DD,134.8932305,-29.5470281,439.7
310976,310976,760,LRC326,134.7870275,-31.2137461,148.0
311147,311147,205,LRC382,134.7652785,-31.2282861,192.0
311165,311165,230,LRC400,134.7670635,-31.2326381,220.0
311172,311172,262,LRC407,134.7638255,-31.2269021,228.0
311177,311177,253,LRC412,134.7607115,-31.2217271,258.0
311183,311183,189,LRC418,134.7629775,-31.2252501,198.0
311185,311185,243,LRC420,134.7641775,-31.2277781,246.0
311186,311186,210,LRC421,134.7636995,-31.2257021,186.0
311189,311189,189,LRC424,134.7626735,-31.2243381,198.0
311195,311195,125,LRC430,134.7625405,-31.2233811,140.0
311214,311214,222,LRC449,134.7600455,-31.2204531,228.0
311217,311217,164,LRC452,134.7597855,-31.2195591,174.0
312444,312444,1717,VUD009,137.0224469,-30.2011883,1110.8
312446,312446,3838,VUD011,137.0295039,-30.2009083,1466.7
312447,312447,3838,VUD012,137.0358449,-30.1996643,1337.4
312449,312449,2185,VUD014,137.0401358,-30.1906663,1488.2
312450,312450,4522,VUD015,137.0142749,-30.1696393,1378.0
312451,312451,2413,VUD016,137.0263339,-30.2018233,1503.7
312452,312452,4028,VUD017,137.0594598,-30.1840853,1277.0
312683,312683,552,RCDD11VUD006,137.0175549,-30.1828423,1083.9
312939,312939,2808,RD222,136.9203539,-30.4597133,995.0
312940,312940,2178,RD284,136.8662879,-30.4190093,988.4
312941,312941,1672,RD285,136.8539589,-30.4364193,845.8
312942,312942,1344,RD2274,136.9505069,-30.4781063,421.0
312943,312943,784,RD2280,136.9366799,-30.4683803,480.7
312944,312944,198,RD2286,136.9267029,-30.4614793,413.7
312945,312945,380,RD2306,136.9125819,-30.4316503,477.6
312946,312946,47799,RD2785,136.8937469,-30.4447453,2323.4
312947,312947,160,RU38-10748,136.8980229,-30.4510063,259.0
312948,312948,7934,TWN1,136.8793483,-30.5678232,700.8
312949,312949,9532,TWN3,136.9001789,-30.5906333,641.1
313292,313292,12564,PPDH157,136.050758,-32.6663563,519.5
313499,313499,3502,RD287,136.8678649,-30.4557813,993.0
313500,313500,2108,RD301,136.8779239,-30.4611083,742.5
313501,313501,3230,RD303,136.8597769,-30.4574413,990.0
313502,313502,3060,RD304,136.8578249,-30.4504433,923.6
313503,313503,2890,RD306,136.8497269,-30.4521193,927.0
313504,313504,3366,RD452,136.8798519,-30.4681353,1002.0
313593,313593,1325,BHDD004,135.7868979,-34.4662552,299.3
313719,313719,3476,AWDH002,135.969138,-32.6447643,56.2
313770,313770,379,CADD006,136.319238,-34.0665573,209.55
313895,313895,2580,RD453,136.8879556,-30.4664498,640.4
313896,313896,4260,RD454W2,136.8960599,-30.4647653,792.0
313897,313897,6360,RD478,136.8843989,-30.4226679,1003.3
313898,313898,6300,RD479,136.8924661,-30.4209698,998.5
313899,313899,5460,RD516,136.8400455,-30.4170362,992.4
314000,314000,278,KTDD127,139.0009397,-35.0957471,171.1
314262,314262,68,KTDD089,139.0056258,-35.0980361,108.3
314327,314327,52,KTRCD284,139.008626,-35.0959038,222.3
314328,314328,156,KTDD052,139.0058929,-35.0914166,198.1
314329,314329,175,KTDD153,139.0066679,-35.0937487,204.5
314330,314330,144,KTDD071,139.0088145,-35.0904118,505.3
314331,314331,351,KTDD150,139.0062938,-35.0914872,405.5
314332,314332,263,KTDD165,139.008574,-35.0914962,642.7
314586,314586,3201,RD19,136.8901268,-30.443462,864.8
314587,314587,2970,RD45,136.8886824,-30.445879,898.4
314588,314588,3135,RD517,136.8481457,-30.4153563,1000.4
314589,314589,3036,RD526,136.8620984,-30.4644958,994.0
314590,314590,2871,RD781,136.8823883,-30.4462687,832.3
314591,314591,5907,RD982,136.9052956,-30.4517262,1417.0
3156,3156,282,MT.CHRISTIE CD 1,133.5126579,-30.3025971,106.38
315987,315987,2739,RD120,136.8740556,-30.4471599,1000.0
315988,315988,3509,RD160,136.8927791,-30.4413783,1000.8
315989,315989,3498,RD220,136.9164639,-30.4456778,1000.9
315990,315990,3761,RD28,136.8801789,-30.4384093,998.1
315991,315991,5049,RD29,136.8882344,-30.4366853,1246.3
315992,315992,3564,RD31A,136.9002181,-30.4490342,990.3
316960,316960,4455,RD104,136.8683206,-30.4260541,1145.6
316961,316961,2442,RD155,136.8686172,-30.4352186,784.5
316962,316962,3300,RD181,136.8581809,-30.4206914,995.7
316963,316963,3465,RD39W1,136.8701729,-30.4330738,979.0
316964,316964,3564,RD57,136.878247,-30.431368,997.0
316966,316966,2475,RD121,136.8717044,-30.4308634,797.2
317003,317003,657,GBDD002,134.0169612,-29.586148,136.3
31727,31727,16,79WAD 5,138.2480212,-33.0205093,150.1
3239,3239,827,ARISTARCHUS 1,133.6172939,-30.4194721,120.6
3240,3240,211,ARISTARCHUS 2,133.6172939,-30.4194721,68.0
3241,3241,666,SKUSE HILL 1,133.5508909,-30.3189411,180.5
3242,3242,605,SKUSE HILL 2,133.5509629,-30.3188801,120.6
3243,3243,680,BLACKFELLOW HILL 1,133.5376489,-30.3288351,170.4
3244,3244,86,MUL 001,133.5101819,-30.2316851,170.0
325424,325424,2268,IHAD9B,137.0973591,-31.036314,1107.5
325455,325455,15,17ATDD005,134.0929796,-29.6842962,56.4
325470,325470,1200,DD13WOD017,130.6769475,-26.3424596,143.97
325497,325497,149,THDD-056,134.9549359,-30.6630559,224.8
325498,325498,136,THDD-058,134.9541428,-30.6625594,171.8
325499,325499,638,THDD-064,134.9517736,-30.6620442,287.9
325500,325500,427,THDD-065,134.9529528,-30.6626221,290.6
325501,325501,4,THDD-066,134.9524837,-30.6614218,62.8
325502,325502,400,THDD-067,134.953913,-30.6629563,256.8
327316,327316,594,RD20,136.8984325,-30.442411,465.95
327317,327317,2805,RD20W1,136.8984325,-30.442411,830.85
327318,327318,4455,RD24,136.9022112,-30.4560728,1150.07
327319,327319,3630,RD26,136.8963693,-30.4350101,1000.0
327320,327320,3696,RD27,136.8941086,-30.4577096,998.0
327321,327321,2937,RD75,136.8842414,-30.4523785,853.2
333094,333094,3498,RD102W1,136.9064509,-30.4403557,1000.0
333095,333095,3531,RD144,136.8640002,-30.4417485,991.7
333096,333096,3399,RD161,136.9122867,-30.4614193,991.3
333097,333097,3795,RD32,136.8921802,-30.4507425,1007.5
333098,333098,3729,RD38,136.8721019,-30.4400664,1001.1
333099,333099,3498,RD80,136.9083806,-30.447376,981.0
333100,333100,5074,RU41-11782,136.8973579,-30.447001,219.7
333101,333101,1062,RU41-11782W1,136.8973579,-30.447001,236.2
333102,333102,8260,RU41-11783,136.8973568,-30.4470019,280.0
333237,333237,97549,DD12CAR113,137.4944509,-31.2157931,2044.2
335962,335962,3104,RD40,136.8860257,-30.4594375,914.27
335963,335963,3552,RD101,136.8760011,-30.4541082,1001.0
335964,335964,3072,RD126,136.8500653,-30.422387,1002.7
335965,335965,3328,RD133,136.8620432,-30.4347304,993.7
335966,335966,3456,RD219,136.9145434,-30.4386385,1019.2
335967,335967,3456,RD286,136.8559016,-30.4434359,997.0
3435,3435,126,MUL 192,133.5400159,-30.3235381,44.2
34361,34361,657,EDIACARA E 17,138.1343055,-30.8010643,67.51
344154,344154,67,MG 14D,137.1530765,-31.4350632,43.77
348545,348545,7728,DD12CAR090,137.4987747,-31.2165114,620.7
348546,348546,83664,DD12CAR090W1,137.4987747,-31.2165114,2101.3
348598,348598,1920,RD21,136.8660008,-30.4487779,714.0
348599,348599,3424,RD103,136.8863599,-30.4296881,986.0
348600,348600,3360,RD141,136.9044235,-30.4331874,1001.0
348601,348601,3360,RD142,136.8944894,-30.427989,990.7
348602,348602,3200,RD162A,136.8520452,-30.4293679,1007.5
348603,348603,2880,RD305A,136.851615,-30.459117,997.1
3525,3525,11,TPS 1,133.8769128,-29.5178701,31.2
3530,3530,12,TPS 10,133.5315359,-29.6077711,33.2
3531,3531,7,TPS 11,133.5305649,-29.6321241,27.65
3583,3583,53,MANYA 4,133.7890979,-28.0349171,806.71
3612,3612,6,MANYA 2,133.7154869,-27.9327611,645.99
3613,3613,925,MANYA 3,133.6738189,-27.8732501,812.9
3614,3614,1285,MANYA 6,133.7179149,-27.6719181,1764.7
364047,364047,12828,NDIAW_D01,140.1840062,-35.0488704,318.2
364048,364048,7752,NDIAW_D02,140.1725669,-35.0469894,319.1
364049,364049,7731,NDIAW_D03,140.1430877,-35.0360546,340.9
364050,364050,18174,NDIAW_D04_CT_90,140.0447672,-35.0034002,481.7
364051,364051,7677,NDIAW_D05,139.8738368,-34.9697445,368.1
364052,364052,11733,NDIAW_D06,139.922958,-34.9753298,293.2
364184,364184,11856,NDIAW_D01_CT,140.1840062,-35.0488704,310.0
364185,364185,12162,NDIAW_D02_CT,140.1725669,-35.0469894,312.7
364186,364186,6630,NDIAW_D04_CT_80,140.0447672,-35.0034002,338.3
364187,364187,6972,NDIAW_D07,140.3278601,-34.7661567,336.6
364485,364485,8829,WLTD001,137.6957096,-31.1124794,924.5
365861,365861,9918,MCA5-03,135.1980814,-28.6930671,397.1
365862,365862,2517,MCA5-04,135.1791265,-28.6831645,379.75
365863,365863,1952,MCA13-01,135.260403,-28.6433166,449.4
365865,365865,7598,MCA15-01,134.8220906,-28.566725,402.8
3689,3689,6,MARLA 10,133.7639969,-27.3484131,775.69
369413,369413,2,DJR15,138.4429435,-30.5692138,78.0
369479,369479,8910,WLTD002,137.6720612,-31.138637,852.7
369512,369512,9030,NDIQV_D08,140.0617952,-33.1316815,232.0
369513,369513,9849,NDIQV_D09,140.2222604,-33.2344394,251.4
369514,369514,9285,NDIQV_D10,140.1631018,-33.1361915,237.4
369515,369515,11019,NDIQV_D18,140.5564803,-33.0226649,267.0
369516,369516,10434,NDIQV_D20,140.4800166,-32.9372186,253.2
371113,371113,13983,NDIAW_D08,140.4339458,-34.7418976,354.0
371115,371115,10005,NDIQV_D12,141.0016778,-33.0414036,263.1
371116,371116,8703,NDIQV_D13,140.9300867,-33.0226578,216.05
371117,371117,9030,NDIQV_D15,140.7820826,-33.0157399,225.0
371118,371118,9537,NDIQV_D16,140.7002152,-33.0264486,233.3
371119,371119,9494,NDIQV_D17,140.6786293,-33.0526259,249.45
371120,371120,8835,NDIQV_D19,140.8464402,-33.0159619,220.0
371278,371278,28768,DD18CAR134,137.4972817,-31.2166973,1401.7
371601,371601,4484,21WDDH003,136.4797165,-32.7706068,303.0
371604,371604,6462,21WDDH006,136.4818173,-32.7743712,552.7
373240,373240,120,MG 59,137.1498395,-31.4315097,46.5
373241,373241,138,MG 60,137.1477364,-31.431545,51.75
373242,373242,216,MG 61,137.1476953,-31.4297417,49.9
373243,373243,222,MG 62,137.1456334,-31.4315802,57.25
373244,373244,186,MG 63,137.1435304,-31.4316154,57.5
373245,373245,126,MG 64,137.1477776,-31.4333483,50.0
373246,373246,180,MG 65,137.1498807,-31.433313,44.0
373247,373247,78,MG 66,137.1499218,-31.4351162,37.0
375398,375398,8736,NDIQV_D14,140.9159225,-32.9642511,227.0
379326,379326,30,3-6-6D,137.2037403,-31.4468288,28.6
380061,380061,9555,CW129RD,137.1217595,-33.1792104,887.9
382088,382088,732,MCDA2-01,135.1895495,-28.7869528,296.0
384099,384099,6888,EVE001,136.6208456,-31.8412734,735.8
391175,391175,5145,MW22DD001,136.4792638,-28.4267084,535.1
391176,391176,14749,WL22DD001,136.4810056,-28.6834752,720.5
44262,44262,29,GW05,138.9873948,-35.0527684,241.78
44406,44406,30,DAWESLEY 3,138.9854908,-35.0450374,174.65
5008,5008,13,TPS 2,134.3667057,-29.5477211,30.8
5350,5350,80,MANYA 5,134.0042509,-27.5261091,1333.3
6074,6074,67,NEWLAND 1,134.8841403,-33.4199531,465.95
612,612,682,OOLDEA 3,131.9159683,-30.6288581,385.85
6426,6426,3825,WILGENA 1,134.6407685,-30.6968591,973.0
65943,65943,12,BURRA DDH 1,138.928323,-33.6778704,233.71
65944,65944,12,BURRA DDH 2,138.930059,-33.6805864,258.78
6607,6607,92,BULGUNNIA 1,134.8626265,-30.2992831,129.4
6608,6608,334,BULGUNNIA 2,134.8874065,-30.2732441,243.5
72812,72812,6,DDH1,139.4302576,-35.4926494,159.95
75565,75565,114,S4,139.4530376,-34.6311994,319.4
75571,75571,1313,S11,139.2854138,-34.6659544,329.95
75573,75573,520,KONGOLIA S 14,139.2880098,-34.6723924,211.76
75578,75578,1793,S19,139.2859988,-34.6640694,432.82
77469,12112,12,BD 1,139.4633448,-33.1997705,161.7
77469,18189,12,BD 1,139.4633448,-33.1997705,161.7
77469,77469,12,BD 1,139.4633448,-33.1997705,161.7
77471,18190,12,BD 2,139.4598688,-33.1994125,149.96
77471,241906,12,BD 2,139.4598688,-33.1994125,149.96
77471,77471,12,BD 2,139.4598688,-33.1994125,149.96
77476,77476,12,BD 3,139.4682068,-33.1862845,306.93
77482,77482,9,BD 6,139.4514798,-33.2023815,124.97
77483,77483,12,BD 5,139.4656698,-33.1870645,147.83
77626,77626,6,BD 7,139.4599398,-33.1940095,305.41
78434,78434,161,MGD 151,139.3469272,-30.2264125,291.55
78544,78544,32,KALLADEINA 1,139.3979905,-27.6557479,3761.54
84857,84857,526,MBT-12,139.7788915,-35.1549925,308.5
87184,87184,2,RD 3,139.7183338,-32.9538705,59.82
87185,87185,2,RD 1,139.7152088,-32.9553805,76.05
87186,87186,2,RD 2,139.9042598,-32.9581655,57.0
87978,87978,425,PDD 8,139.7015858,-29.9836784,265.2
87979,87979,3304,PDD 11,139.7008552,-29.9800908,757.2
88037,88037,32,SPENCER 1,139.8664851,-28.1675229,2056.49
9181,9181,17,DME IR 5,135.0111413,-32.9299341,45.42
919,919,1062,NUNDROO 3 DDH,132.2162852,-31.7843111,235.6
9482,9482,1202,LAKE HARRIS 1,135.1407613,-31.0291671,213.2
9483,9483,1481,LAKE HARRIS 2,135.1370433,-31.0305161,241.0
9569,9569,3058,DD88ME-2,135.0243054,-30.6612141,302.5
9601,9601,39,ERD-2,135.2066794,-30.7182431,17.0
9602,9602,82,ERD-3,135.2140093,-30.7276151,48.0
9603,9603,78,ERD-4,135.3253563,-30.7581562,18.0
9604,9604,39,ERD-5,135.2890533,-30.7431731,91.6
9607,9607,39,ERD-8,135.2653403,-30.7432231,69.33
9608,9608,41,ERD-9,135.2245903,-30.7411341,24.3
9709,9709,5,SR9,135.1353094,-30.0125632,90.5
9955,9955,1384,DD87/88HN-1,135.1464894,-30.0011802,295.6
9989,9989,390,MOUNT WOODS 1,135.4871954,-29.6167622,145.6
